date	calories	gsr	heart-rate	skin-temp	steps
2015-02-03 02:52Z	1.2	0.000494821		81.275	0
2015-02-03 02:53Z	2	0.000470949	91	83.2438	0
2015-02-03 02:54Z	1.9	0.000457208	92	84.4625	0
2015-02-03 02:55Z	1.9	0.00046712	88	85.3063	0
2015-02-03 02:56Z	1.8	0.000472209	86	85.8688	0
2015-02-03 02:57Z	1.7	0.000478951	83	86.2063	0
2015-02-03 02:58Z	1.8	0.000570687	86	86.6	0
2015-02-03 02:59Z	1.7	0.000600998	84	86.8063	0
2015-02-03 03:00Z	1.6	0.000614699	85	86.9187	0
2015-02-03 03:01Z	1.3	0.000606681	84	87.125	0
2015-02-03 03:02Z	2	0.000597991	84	87.1438	0
2015-02-03 03:03Z	1.9	0.000553281	89	87.35	0
2015-02-03 03:04Z	1.9	0.000514197	86	87.4625	0
2015-02-03 03:05Z	2	0.000563199	84	87.575	0
2015-02-03 03:06Z	1.9	0.000597399	84	87.575	0
2015-02-03 03:07Z	1.7	0.000613377	85	87.6875	0
2015-02-03 03:08Z	1.4	0.000608594	87	87.8	0
2015-02-03 03:09Z	2	0.000600528	85	87.8	0
2015-02-03 03:10Z	1.9	0.000619748	90	87.8	0
2015-02-03 03:11Z	2	0.00059879	87	87.9875	0
2015-02-03 03:12Z	1.9	0.000601998	86	88.025	0
2015-02-03 03:13Z	2	0.000614347	89	88.0625	0
2015-02-03 03:14Z	1.9	0.000620069	90	88.25	0
2015-02-03 03:15Z	2	0.000621653	91	88.25	0
2015-02-03 03:16Z	2	0.000620246	86	88.25	0
2015-02-03 03:17Z	1.9	0.000620667	86	88.25	0
2015-02-03 03:18Z	2	0.000638352	88	88.25	0
2015-02-03 03:19Z	1.8	0.000589349	88	88.25	0
2015-02-03 03:20Z	1.9	0.000615562	90	88.25	0
2015-02-03 03:21Z	2	0.000551652	88	88.25	0
2015-02-03 03:22Z	1.9	0.000609685	85	88.25	0
2015-02-03 03:23Z	2	0.000598896	82	88.25	0
2015-02-03 03:24Z	2	0.000598504	87	88.25	0
2015-02-03 03:25Z	1.9	0.000576805	88	88.25	0
2015-02-03 03:26Z	2	0.000627083	87	88.25	0
2015-02-03 03:27Z	1.9	0.000618941	94	88.325	0
2015-02-03 03:28Z	2	0.000633805	84	88.475	0
2015-02-03 03:29Z	2	0.000623108	86	88.3812	0
2015-02-03 03:30Z	1.8	0.000648997	88	88.325	0
2015-02-03 03:31Z	2	0.000603255	84	88.25	0
2015-02-03 03:32Z	2.1	0.000657491	86	88.25	0
2015-02-03 03:33Z	2.1	0.000635353	89	88.0625	0
2015-02-03 03:34Z	2.1	0.000629049	87	88.025	0
2015-02-03 03:35Z	1.8	0.00063176	87	88.025	0
2015-02-03 03:36Z	1.4	0.000637807	86	88.025	0
2015-02-03 03:37Z	1.7	0.000613154	87	88.025	0
2015-02-03 03:38Z	1.8	0.000632685	86	88.025	0
2015-02-03 03:39Z	1.9	0.000615801	84	88.025	0
2015-02-03 03:40Z	1.7	0.000658746	85	88.025	0
2015-02-03 03:41Z	1.8	0.000660901	85	88.1562	0
2015-02-03 03:42Z	1.5	0.000696654	78	88.25	0
2015-02-03 03:43Z	1.8	0.000663284	84	88.3438	0
2015-02-03 03:44Z	1.5	0.000673072	81	88.475	0
2015-02-03 03:45Z	1.5	0.000699813	81	88.475	0
2015-02-03 03:46Z	1.3	0.000666682	74	88.6438	0
2015-02-03 03:47Z	1.5	0.00069963	76	88.7	0
2015-02-03 03:48Z	1.7	0.000710512	76	88.7188	0
2015-02-03 03:49Z	1.6	0.0007117	84	88.925	0
2015-02-03 03:50Z	1.5	0.000732761	81	88.925	0
2015-02-03 03:51Z	1.5	0.000727834	79	88.925	0
2015-02-03 03:52Z	1.5	0.00073356	78	89.1125	0
2015-02-03 03:53Z	1.8	0.000729733	78	89.15	0
2015-02-03 03:54Z	1.9	0.000741052	82	89.3562	0
2015-02-03 03:55Z	2	0.000727225	82	89.5062	0
2015-02-03 03:56Z	1.2	0.000731858	76	89.6	0
2015-02-03 03:57Z	1.7	0.000722439	73	89.6	0
2015-02-03 03:58Z	1.9	0.00073754	80	89.7688	0
2015-02-03 03:59Z	1.5	0.000713077	79	89.825	0
2015-02-03 04:00Z	1.8	0.0007279	80	89.825	0
2015-02-03 04:01Z	1.3	0.000748114	74	89.825	0
2015-02-03 04:02Z	1.5	0.000744885	76	89.825	0
2015-02-03 04:03Z	1.8	0.000762528	74	89.825	0
2015-02-03 04:04Z	1.8	0.00076179	76	89.825	0
2015-02-03 04:05Z	1.5	0.000744808	75	89.8438	0
2015-02-03 04:06Z	1.9	0.000747324	77	89.8625	0
2015-02-03 04:07Z	1.6	0.00076045	85	90.05	0
2015-02-03 04:08Z	1.5	0.000800577	82	89.9375	0
2015-02-03 04:09Z	1.5	0.000793182	80	89.825	0
2015-02-03 04:10Z	2	0.000796349	85	89.9375	0
2015-02-03 04:11Z	2	0.000800942	86	90.05	0
2015-02-03 04:12Z	2	0.000789769	86	90.05	0
2015-02-03 04:13Z	1.9	0.000805106	87	90.05	0
2015-02-03 04:14Z	1.8	0.000791953	83	90.05	0
2015-02-03 04:15Z	1.8	0.000783332	83	90.05	0
2015-02-03 04:16Z	1.9	0.000783421	83	90.05	0
2015-02-03 04:17Z	2.4	0.000778467	77	90.0312	0
2015-02-03 04:18Z	2.2	0.000772643		89.825	0
2015-02-03 04:19Z	2.4	0.000774167	75	89.75	0
2015-02-03 04:20Z	1.8	0.000845077	67	89.45	0
2015-02-03 04:21Z	2.1	0.00065185	73	89.2625	0
2015-02-03 04:22Z	2.1	0.000361807	88	88.5687	0
2015-02-03 04:23Z	1.5	0.000366105	78	88.475	0
2015-02-03 04:24Z	1.6	0.00042851	63	88.475	0
2015-02-03 04:25Z	1.6	0.000406455	79	88.1937	0
2015-02-03 04:26Z	1.2	0.000517117	67	88.25	0
2015-02-03 04:27Z	1.2	0.000519291	68	88.4	0
2015-02-03 04:28Z	1.1	0.00052356	67	88.5687	0
2015-02-03 04:29Z	1.2	0.000532909	65	88.7937	0
2015-02-03 04:30Z	1.1	0.000542346	67	89.0563	0
2015-02-03 04:31Z	1.4	0.000548791	68	89.3375	0
2015-02-03 04:32Z	1.3	0.000567739	71	89.7125	0
2015-02-03 04:33Z	1.2	0.000566492	67	89.825	0
2015-02-03 04:34Z	1.1	0.000567996	65	90.0312	0
2015-02-03 04:35Z	1.2	0.00057092	64	90.1813	0
2015-02-03 04:36Z	1.3	0.000598209	69	90.275	0
2015-02-03 04:37Z	1.1	0.000592149	60	90.5375	0
2015-02-03 04:38Z	1.8	0.000597773	65	90.7812	0
2015-02-03 04:39Z	1.1	0.000603095	59	91.025	0
2015-02-03 04:40Z	1.6	0.000599851	60	91.3063	0
2015-02-03 04:41Z	1.1	0.000609277	64	91.6625	0
2015-02-03 04:42Z	1.1	0.000589275	56	91.8875	0
2015-02-03 04:43Z	1.2	0.0005835	57	92.075	0
2015-02-03 04:44Z	1.1	0.000582414	56	92.2625	0
2015-02-03 04:45Z	1.2	0.000605676	56	92.3	0
2015-02-03 04:46Z	1.1	0.000598081	56	92.375	0
2015-02-03 04:47Z	1.2	0.000595892	55	92.525	0
2015-02-03 04:48Z	1.1	0.00059757	55	92.525	0
2015-02-03 04:49Z	1.2	0.000608626	55	92.525	0
2015-02-03 04:50Z	1.2	0.00060574	55	92.525	0
2015-02-03 04:51Z	1.2	0.000612039	56	92.6	0
2015-02-03 04:52Z	1.2	0.000610548	54	92.6375	0
2015-02-03 04:53Z	1.1	0.000598508	53	92.75	0
2015-02-03 04:54Z	1.2	0.000613366	55	92.75	0
2015-02-03 04:55Z	1.1	0.000601374	54	92.75	0
2015-02-03 04:56Z	1.2	0.000613926	54	92.75	0
2015-02-03 04:57Z	1.1	0.000613391	54	92.75	0
2015-02-03 04:58Z	1.2	0.000603685	54	92.75	0
2015-02-03 04:59Z	1.2	0.00061107	54	92.75	0
2015-02-03 05:00Z	1.2	0.000605449	55	92.75	0
2015-02-03 05:01Z	1.2	0.000618984	53	92.75	0
2015-02-03 05:02Z	1.1	0.000605262	53	92.75	0
2015-02-03 05:03Z	1.2	0.000608633	53	92.75	0
2015-02-03 05:04Z	1.1	0.0006017	54	92.75	0
2015-02-03 05:05Z	1.2	0.000634756	54	92.75	0
2015-02-03 05:06Z	1.1	0.000635554	53	92.75	0
2015-02-03 05:07Z	1.2	0.000622939	53	92.75	0
2015-02-03 05:08Z	1.1	0.000650254	53	92.75	0
2015-02-03 05:09Z	1.2	0.000634639	53	92.75	0
2015-02-03 05:10Z	1.3	0.000720655	53	92.75	0
2015-02-03 05:11Z	1.1	0.000929416	52	92.75	0
2015-02-03 05:12Z	1.2	0.00091402	53	92.9	0
2015-02-03 05:13Z	1.2	0.00095907	53	92.975	0
2015-02-03 05:14Z	1.2	0.000974679	53	92.975	0
2015-02-03 05:15Z	1.1	0.00105696	53	93.0312	0
2015-02-03 05:16Z	1.1	0.00110572	53	93.2	0
2015-02-03 05:17Z	1.2	0.00105549	54	93.275	0
2015-02-03 05:18Z	1.2	0.00107109	54	93.425	0
2015-02-03 05:19Z	1.1	0.00105474	53	93.425	0
2015-02-03 05:20Z	1.2	0.00112447	53	93.65	0
2015-02-03 05:21Z	1.1	0.00113299	54	93.65	0
2015-02-03 05:22Z	1.2	0.00115155	53	93.7063	0
2015-02-03 05:23Z	1.1	0.00117864	54	93.875	0
2015-02-03 05:24Z	1.1	0.00117439	54	93.875	0
2015-02-03 05:25Z	1.1	0.00119106	54	93.875	0
2015-02-03 05:26Z	1.1	0.00120509	53	93.95	0
2015-02-03 05:27Z	1.1	0.00119992	53	94.0813	0
2015-02-03 05:28Z	1.1	0.00122026	53	94.1	0
2015-02-03 05:29Z	1.1	0.00126621	53	94.1	0
2015-02-03 05:30Z	1.1	0.00124575	53	94.1	0
2015-02-03 05:31Z	1.2	0.00134396	53	94.1	0
2015-02-03 05:32Z	1.1	0.00125568	54	94.1	0
2015-02-03 05:33Z	1.1	0.00123407	53	94.1	0
2015-02-03 05:34Z	1.2	0.0013142	54	94.1	0
2015-02-03 05:35Z	1.1	0.00129224	54	94.1375	0
2015-02-03 05:36Z	1.1	0.0012814	54	94.1937	0
2015-02-03 05:37Z	1.2	0.00140391	53	94.1937	0
2015-02-03 05:38Z	1.1	0.00133722	53	94.325	0
2015-02-03 05:39Z	1.2	0.00137419	53	94.325	0
2015-02-03 05:40Z	1.1	0.00138	54	94.325	0
2015-02-03 05:41Z	1.1	0.00142598	53	94.325	0
2015-02-03 05:42Z	1.2	0.00146653	53	94.325	0
2015-02-03 05:43Z	1.1	0.00143542	54	94.325	0
2015-02-03 05:44Z	1.4	0.00141912	54	94.325	0
2015-02-03 05:45Z	1.4	0.00125816	69	94.1188	0
2015-02-03 05:46Z	1.5	0.00116569	70	94.1	0
2015-02-03 05:47Z	1.2	0.00118093	50	94.0062	0
2015-02-03 05:48Z	1.1	0.00114871	51	93.875	0
2015-02-03 05:49Z	1.2	0.00122269	49	93.875	0
2015-02-03 05:50Z	1.1	0.00123266	51	93.8375	0
2015-02-03 05:51Z	1.2	0.0012706	51	93.65	0
2015-02-03 05:52Z	1.1	0.00122409	51	93.65	0
2015-02-03 05:53Z	1.2	0.00126871	51	93.65	0
2015-02-03 05:54Z	1.2	0.00124246	52	93.65	0
2015-02-03 05:55Z	1.1	0.00129383	52	93.65	0
2015-02-03 05:56Z	1.2	0.00123116	51	93.65	0
2015-02-03 05:57Z	1.1	0.00130503	52	93.65	0
2015-02-03 05:58Z	1.2	0.00128496	52	93.65	0
2015-02-03 05:59Z	1.1	0.00130941	52	93.65	0
2015-02-03 06:00Z	1.1	0.00128461	52	93.65	0
2015-02-03 06:01Z	1.2	0.00132008	52	93.65	0
2015-02-03 06:02Z	1.1	0.00137807	52	93.65	0
2015-02-03 06:03Z	1.1	0.00141539	52	93.65	0
2015-02-03 06:04Z	1.1	0.00141508	52	93.65	0
2015-02-03 06:05Z	1.2	0.00140842	52	93.65	0
2015-02-03 06:06Z	1.1	0.00135278	52	93.65	0
2015-02-03 06:07Z	1.2	0.0013571	51	93.65	0
2015-02-03 06:08Z	1.1	0.0014525	51	93.65	0
2015-02-03 06:09Z	1.2	0.00144795	52	93.65	0
2015-02-03 06:10Z	1.1	0.00134742	51	93.65	0
2015-02-03 06:11Z	1.2	0.00145538	52	93.65	0
2015-02-03 06:12Z	1.4	0.00146592	52	93.65	0
2015-02-03 06:13Z	1.2	0.00159703	64	93.65	0
2015-02-03 06:14Z	1.3	0.00156289	51	93.65	0
2015-02-03 06:15Z	1.2	0.00152587	51	93.65	0
2015-02-03 06:16Z	1.1	0.0016065	49	93.65	0
2015-02-03 06:17Z	1.2	0.00155736	51	93.65	0
2015-02-03 06:18Z	1.1	0.00163162	51	93.575	0
2015-02-03 06:19Z	1.2	0.00156856	52	93.425	0
2015-02-03 06:20Z	1.3	0.00161195	52	93.425	0
2015-02-03 06:21Z	1.5	0.00160871	56	93.425	0
2015-02-03 06:22Z	1.1	0.00155717	59	93.425	0
2015-02-03 06:23Z	1.3	0.00153916	56	93.2188	0
2015-02-03 06:24Z	1.5	0.00149095	61	93.2	0
2015-02-03 06:25Z	1.8	0.00157057	76	93.1813	0
2015-02-03 06:26Z	1.8	0.00159081	76	92.975	0
2015-02-03 06:27Z	1.2	0.0016312	59	92.975	0
2015-02-03 06:28Z	1.1	0.00161632	53	92.975	0
2015-02-03 06:29Z	1.3	0.00167174	54	92.975	0
2015-02-03 06:30Z	1.1	0.00163841	53	92.975	0
2015-02-03 06:31Z	1.5	0.00163782	54	93.0312	0
2015-02-03 06:32Z	1.3	0.00168695	58	93.2	0
2015-02-03 06:33Z	1.1	0.00172795	52	93.2188	0
2015-02-03 06:34Z	1.4	0.0017517	54	93.4062	0
2015-02-03 06:35Z	1.2	0.00179212	54	93.425	0
2015-02-03 06:36Z	1.2	0.00176848	53	93.425	0
2015-02-03 06:37Z	1.5	0.00178323	59	93.575	0
2015-02-03 06:38Z	1.3	0.00180928	60	93.65	0
2015-02-03 06:39Z	1.1	0.00186389	55	93.65	0
2015-02-03 06:40Z	1.1	0.00186287	53	93.6687	0
2015-02-03 06:41Z	1.2	0.00181848	54	93.875	0
2015-02-03 06:42Z	1.1	0.00195754	53	94.0437	0
2015-02-03 06:43Z	1.1	0.00198796	53	94.1937	0
2015-02-03 06:44Z	1.2	0.00207457	51	94.325	0
2015-02-03 06:45Z	1.3	0.00211819	52	94.55	0
2015-02-03 06:46Z	1.3	0.00213496	57	94.55	0
2015-02-03 06:47Z	1.3	0.00213264	68	94.7375	0
2015-02-03 06:48Z	1.1	0.00214748	50	94.7375	0
2015-02-03 06:49Z	1.8	0.00181842	65	94.55	0
2015-02-03 06:50Z	1.3	0.00161669	64	94.3625	0
2015-02-03 06:51Z	1.5	0.00145958	54	94.1562	0
2015-02-03 06:52Z	1.8	0.00154068	71	94.1	0
2015-02-03 06:53Z	1.2	0.00153696	62	94.0437	0
2015-02-03 06:54Z	1.3	0.00160041	53	93.875	0
2015-02-03 06:55Z	1.2	0.00158137	52	93.8562	0
2015-02-03 06:56Z	1.2	0.00164063	49	93.65	0
2015-02-03 06:57Z	1.1	0.00167294	48	93.65	0
2015-02-03 06:58Z	1.3	0.00170537	49	93.6312	0
2015-02-03 06:59Z	1.2	0.00195231	49	93.425	0
2015-02-03 07:00Z	1.2	0.00206825	48	93.425	0
2015-02-03 07:01Z	1.1	0.00207659	48	93.425	0
2015-02-03 07:02Z	1.3	0.0020637	50	93.425	0
2015-02-03 07:03Z	1.3	0.00203113	50	93.425	0
2015-02-03 07:04Z	1.2	0.00198118	49	93.425	0
2015-02-03 07:05Z	1.3	0.00199641	49	93.425	0
2015-02-03 07:06Z	1.2	0.00202187	49	93.425	0
2015-02-03 07:07Z	1.2	0.00202495	50	93.425	0
2015-02-03 07:08Z	1.1	0.00209211	49	93.425	0
2015-02-03 07:09Z	1.3	0.00210569	48	93.425	0
2015-02-03 07:10Z	1.1	0.00206923	48	93.425	0
2015-02-03 07:11Z	1.2	0.00208824	49	93.425	0
2015-02-03 07:12Z	1.1	0.00216275	48	93.425	0
2015-02-03 07:13Z	1.2	0.00211489	48	93.425	0
2015-02-03 07:14Z	1.2	0.00218198	52	93.425	0
2015-02-03 07:15Z	1.1	0.00230425	53	93.425	0
2015-02-03 07:16Z	1.2	0.00223329	53	93.425	0
2015-02-03 07:17Z	1.2	0.00222531	60	93.425	0
2015-02-03 07:18Z	1.1	0.00224412	62	93.425	0
2015-02-03 07:19Z	1.2	0.00227142	65	93.425	0
2015-02-03 07:20Z	1.1	0.00226472	66	93.425	0
2015-02-03 07:21Z	1.2	0.00233233	62	93.425	0
2015-02-03 07:22Z	1.1	0.00231029	60	93.425	0
2015-02-03 07:23Z	1.2	0.00238071	55	93.425	0
2015-02-03 07:24Z	1.2	0.00229253	55	93.5	0
2015-02-03 07:25Z	1.1	0.002321	53	93.4625	0
2015-02-03 07:26Z	1.2	0.00242131	53	93.65	0
2015-02-03 07:27Z	1.1	0.00237414	61	93.65	0
2015-02-03 07:28Z	1.2	0.00244184	54	93.65	0
2015-02-03 07:29Z	1.1	0.00234135	55	93.65	0
2015-02-03 07:30Z	1.2	0.00242445	53	93.65	0
2015-02-03 07:31Z	1.1	0.00247605	56	93.65	0
2015-02-03 07:32Z	1.2	0.00246134	55	93.65	0
2015-02-03 07:33Z	1.2	0.00246551	55	93.65	0
2015-02-03 07:34Z	1.5	0.00230845	71	93.65	0
2015-02-03 07:35Z	1.2	0.00242743	48	93.65	0
2015-02-03 07:36Z	1.1	0.00249289	54	93.5	0
2015-02-03 07:37Z	1.2	0.00242049	55	93.425	0
2015-02-03 07:38Z	1.1	0.00241861	58	93.425	0
2015-02-03 07:39Z	1.3	0.00249703	54	93.425	0
2015-02-03 07:40Z	1.1	0.00248289	54	93.425	0
2015-02-03 07:41Z	1.2	0.00248507	56	93.425	0
2015-02-03 07:42Z	1.2	0.00251869	58	93.425	0
2015-02-03 07:43Z	1.1	0.00249333	58	93.2562	0
2015-02-03 07:44Z	1.3	0.00256208	55	93.2	0
2015-02-03 07:45Z	1.1	0.00252475	54	93.1813	0
2015-02-03 07:46Z	1.2	0.00249182	56	92.9938	0
2015-02-03 07:47Z	1.1	0.00245905	52	92.975	0
2015-02-03 07:48Z	1.2	0.0024357	53	92.9	0
2015-02-03 07:49Z	1.2	0.0022698	56	92.75	0
2015-02-03 07:50Z	1.3	0.00230596	53	92.7125	0
2015-02-03 07:51Z	1.2	0.00234522	55	92.75	0
2015-02-03 07:52Z	1.1	0.00221891	54	92.75	0
2015-02-03 07:53Z	1.2	0.0022961	55	92.75	0
2015-02-03 07:54Z	1.2	0.00224123	53	92.75	0
2015-02-03 07:55Z	1.1	0.00216713	54	92.6937	0
2015-02-03 07:56Z	1.2	0.00244901	53	92.5625	0
2015-02-03 07:57Z	1.2	0.00222594	54	92.525	0
2015-02-03 07:58Z	1.3	0.00236607	52	92.3938	0
2015-02-03 07:59Z	1.1	0.00214846	52	92.3	0
2015-02-03 08:00Z	1.2	0.00191658	53	92.3	0
2015-02-03 08:01Z	1.1	0.00195576	53	92.3	0
2015-02-03 08:02Z	1.2	0.00217135	53	92.3	0
2015-02-03 08:03Z	1.2	0.00188364	55	92.3	0
2015-02-03 08:04Z	1.1	0.00209588	54	92.3	0
2015-02-03 08:05Z	1.2	0.00185589	54	92.3	0
2015-02-03 08:06Z	1.1	0.00171449	55	92.3	0
2015-02-03 08:07Z	1.2	0.00206117	54	92.4125	0
2015-02-03 08:08Z	1.1	0.00180962	54	92.45	0
2015-02-03 08:09Z	1.2	0.00182728	54	92.525	0
2015-02-03 08:10Z	1.2	0.00200231	54	92.525	0
2015-02-03 08:11Z	1.1	0.00194139	53	92.525	0
2015-02-03 08:12Z	1.2	0.00184965	53	92.525	0
2015-02-03 08:13Z	1.1	0.001806	53	92.525	0
2015-02-03 08:14Z	1.2	0.00184871	53	92.525	0
2015-02-03 08:15Z	1.1	0.0019564	53	92.525	0
2015-02-03 08:16Z	1.2	0.0017871	53	92.5062	0
2015-02-03 08:17Z	1.3	0.00199633	53	92.5813	0
2015-02-03 08:18Z	1.2	0.00191957	51	92.525	0
2015-02-03 08:19Z	1.2	0.00210188	51	92.525	0
2015-02-03 08:20Z	1.3	0.00210459	51	92.525	0
2015-02-03 08:21Z	1.1	0.00213266	50	92.525	0
2015-02-03 08:22Z	1.2	0.00206799	51	92.525	0
2015-02-03 08:23Z	1.5	0.00237111	64	92.4313	0
2015-02-03 08:24Z	1.2	0.00213828	51	92.3375	0
2015-02-03 08:25Z	1.1	0.00198692	51	92.525	0
2015-02-03 08:26Z	1.1	0.00205206	51	92.525	0
2015-02-03 08:27Z	1.2	0.00196875	52	92.6562	0
2015-02-03 08:28Z	1.2	0.00213613	51	92.75	0
2015-02-03 08:29Z	1.1	0.00223797	52	92.75	0
2015-02-03 08:30Z	1.2	0.00240563	52	92.975	0
2015-02-03 08:31Z	1.1	0.00265793	51	92.975	0
2015-02-03 08:32Z	1.2	0.0031103	52	92.975	0
2015-02-03 08:33Z	1.1	0.00337926	52	93.0875	0
2015-02-03 08:34Z	1.2	0.00408593	52	93.2	0
2015-02-03 08:35Z	1.2	0.00459946	51	93.2	0
2015-02-03 08:36Z	1.1	0.00550005	52	93.2	0
2015-02-03 08:37Z	1.2	0.00743567	52	93.2	0
2015-02-03 08:38Z	1.1	0.00929452	52	93.2	0
2015-02-03 08:39Z	1.2	0.0117046	51	93.2	0
2015-02-03 08:40Z	1.1	0.0158238	52	93.2	0
2015-02-03 08:41Z	1.2	0.0245638	51	93.2	0
2015-02-03 08:42Z	1.1	0.025688	51	93.2	0
2015-02-03 08:43Z	1.2	0.0286077	52	93.2	0
2015-02-03 08:44Z	1.1	0.0364086	52	93.2	0
2015-02-03 08:45Z	1.2	0.0466419	51	93.2	0
2015-02-03 08:46Z	1.1	0.0586808	52	93.2	0
2015-02-03 08:47Z	1.2	0.0584594	51	93.2	0
2015-02-03 08:48Z	1.2	0.0544704	51	93.2	0
2015-02-03 08:49Z	1.1	0.0472522	51	93.2	0
2015-02-03 08:50Z	1.1	0.0445033	51	93.2	0
2015-02-03 08:51Z	1.2	0.0401009	52	93.2	0
2015-02-03 08:52Z	1.1	0.0371357	51	93.2	0
2015-02-03 08:53Z	1.2	0.0319848	51	93.2	0
2015-02-03 08:54Z	1.2	0.0308342	51	93.2	0
2015-02-03 08:55Z	1.1	0.0278242	52	93.2	0
2015-02-03 08:56Z	1.2	0.0257423	51	93.2	0
2015-02-03 08:57Z	1.1	0.0244016	51	93.2	0
2015-02-03 08:58Z	1.2	0.0244256	51	93.2	0
2015-02-03 08:59Z	1.1	0.023545	51	93.2	0
2015-02-03 09:00Z	1.2	0.0252719	51	93.2	0
2015-02-03 09:01Z	1.1	0.0255846	51	93.2	0
2015-02-03 09:02Z	1.2	0.0241589	51	93.2	0
2015-02-03 09:03Z	1.2	0.0217883	51	93.2	0
2015-02-03 09:04Z	1.1	0.0212526	51	93.2	0
2015-02-03 09:05Z	1.4	0.0210244	52	93.2	0
2015-02-03 09:06Z	1.3	0.0159988	68	93.2	0
2015-02-03 09:07Z	1.6	0.0136697	47	93.0687	0
2015-02-03 09:08Z	1.5	0.0115626	55	92.9	0
2015-02-03 09:09Z	1.1	0.0100111	48	92.7875	0
2015-02-03 09:10Z	1.2	0.00937173	48	92.75	0
2015-02-03 09:11Z	1.1	0.00891861	49	92.75	0
2015-02-03 09:12Z	1.2	0.00870948	48	92.7125	0
2015-02-03 09:13Z	1.2	0.00829453	49	92.525	0
2015-02-03 09:14Z	1.1	0.00831917	48	92.525	0
2015-02-03 09:15Z	1.2	0.00804373	47	92.525	0
2015-02-03 09:16Z	1.1	0.00775668	49	92.525	0
2015-02-03 09:17Z	1.2	0.007538	48	92.525	0
2015-02-03 09:18Z	1.1	0.00757554	48	92.525	0
2015-02-03 09:19Z	1.2	0.00746971	48	92.525	0
2015-02-03 09:20Z	1.1	0.0077154	48	92.525	0
2015-02-03 09:21Z	1.2	0.00736175	49	92.45	0
2015-02-03 09:22Z	1.2	0.00737313	49	92.3938	0
2015-02-03 09:23Z	1.2	0.00788846	49	92.3	0
2015-02-03 09:24Z	1.2	0.0080398	51	92.3	0
2015-02-03 09:25Z	1.2	0.00783357	48	92.3	0
2015-02-03 09:26Z	1.4	0.00853654	58	92.3	0
2015-02-03 09:27Z	1.2	0.0086548	46	92.3	0
2015-02-03 09:28Z	1.1	0.00847871	49	92.3	0
2015-02-03 09:29Z	1.2	0.00859241	48	92.3	0
2015-02-03 09:30Z	1.2	0.00853591	48	92.3	0
2015-02-03 09:31Z	1.1	0.00881748	49	92.3	0
2015-02-03 09:32Z	1.2	0.00829214	49	92.3	0
2015-02-03 09:33Z	1.1	0.00860853	48	92.3	0
2015-02-03 09:34Z	1.2	0.00889939	49	92.3	0
2015-02-03 09:35Z	1.1	0.00859664	48	92.3	0
2015-02-03 09:36Z	1.2	0.00851966	49	92.3	0
2015-02-03 09:37Z	1.1	0.00859022	48	92.3	0
2015-02-03 09:38Z	1.2	0.0090256	48	92.3	0
2015-02-03 09:39Z	1.2	0.00890853	48	92.3	0
2015-02-03 09:40Z	1.1	0.0087427	48	92.3	0
2015-02-03 09:41Z	1.2	0.00879389	49	92.3	0
2015-02-03 09:42Z	1.1	0.00845489	48	92.3375	0
2015-02-03 09:43Z	1.2	0.00862112	48	92.4313	0
2015-02-03 09:44Z	1.4	0.00848473	54	92.4875	0
2015-02-03 09:45Z	1.7	0.00738461	59	92.525	0
2015-02-03 09:46Z	1.2	0.00723376	51	92.525	0
2015-02-03 09:47Z	1.3	0.00778052	50	92.525	0
2015-02-03 09:48Z	1.1	0.00786477	51	92.525	0
2015-02-03 09:49Z	1.2	0.00831487	50	92.525	0
2015-02-03 09:50Z	1.2	0.00828409	50	92.6562	0
2015-02-03 09:51Z	1.2	0.00794704	50	92.75	0
2015-02-03 09:52Z	1.2	0.00830706	50	92.8438	0
2015-02-03 09:53Z	1.4	0.0083542	53	92.975	0
2015-02-03 09:54Z	1.5	0.00786329	59	92.975	0
2015-02-03 09:55Z	1.3	0.00706982	58	92.975	0
2015-02-03 09:56Z	1.1	0.00755556	50	92.975	0
2015-02-03 09:57Z	1.2	0.00842713	49	93.2	0
2015-02-03 09:58Z	1.2	0.008922	49	93.2	0
2015-02-03 09:59Z	1.4	0.00968829	51	93.2375	0
2015-02-03 10:00Z	1.2	0.0100012	50	93.425	0
2015-02-03 10:01Z	1.3	0.00995825	49	93.425	0
2015-02-03 10:02Z	1.5	0.00642044	52	93.425	0
2015-02-03 10:03Z	1.2	0.00579593	51	93.425	0
2015-02-03 10:04Z	1.2	0.00561709	50	93.5188	0
2015-02-03 10:05Z	1.3	0.00573356	57	93.65	0
2015-02-03 10:06Z	1.2	0.00607351	59	93.8187	0
2015-02-03 10:07Z	1.2	0.00650952	51	93.9125	0
2015-02-03 10:08Z	1.1	0.0066713	49	94.1	0
2015-02-03 10:09Z	1.2	0.00682537	52	94.2688	0
2015-02-03 10:10Z	1	0.00716023	49	94.3625	0
2015-02-03 10:11Z	1.1	0.00732601	49	94.55	0
2015-02-03 10:12Z	1.1	0.00764115	49	94.6813	0
2015-02-03 10:13Z	1.2	0.00765947	50	94.775	0
2015-02-03 10:14Z	1.2	0.00807308	51	94.8688	0
2015-02-03 10:15Z	1.1	0.00874176	51	95	0
2015-02-03 10:16Z	1.1	0.00806493	51	95	0
2015-02-03 10:17Z	1.2	0.00860092	50	95.1125	0
2015-02-03 10:18Z	1.1	0.00883661	51	95.225	0
2015-02-03 10:19Z	1.4	0.00865381	51	95.225	0
2015-02-03 10:20Z	1.6	0.00855038	63	95.2438	0
2015-02-03 10:21Z	2.1	0.00605241	85	95.225	0
2015-02-03 10:22Z	1.2	0.00726517	75	95.0563	0
2015-02-03 10:23Z	1.7	0.00610673	77	94.775	0
2015-02-03 10:24Z	1.4	0.00602286	78	94.4563	0
2015-02-03 10:25Z	1.2	0.00619638	74	94.175	0
2015-02-03 10:26Z	1.4	0.00640038	67	93.9313	0
2015-02-03 10:27Z	1.4	0.00641959	71	93.6687	0
2015-02-03 10:28Z	1.3	0.00644613	65	93.425	0
2015-02-03 10:29Z	1.2	0.00630673	65	93.2562	0
2015-02-03 10:30Z	1.2	0.00650717	59	93.1625	0
2015-02-03 10:31Z	1.4	0.00645914	64	92.9375	0
2015-02-03 10:32Z	1.3	0.00684313	67	92.75	0
2015-02-03 10:33Z	1.3	0.00687425	62	92.6188	0
2015-02-03 10:34Z	1.1	0.00694302	60	92.525	0
2015-02-03 10:35Z	1.2	0.00675947	59	92.525	0
2015-02-03 10:36Z	1.2	0.0069596	56	92.525	0
2015-02-03 10:37Z	1.5	0.00683904	60	92.525	0
2015-02-03 10:38Z	2.1	0.00701648	67	92.4125	0
2015-02-03 10:39Z	1.3	0.00584909	69	92.2625	0
2015-02-03 10:40Z	1.2	0.00575294	68	92.075	0
2015-02-03 10:41Z	1.5	0.00578022	74	92.075	0
2015-02-03 10:42Z	1.2	0.00578861	69	92.075	0
2015-02-03 10:43Z	1.5	0.0060327	65	91.9437	0
2015-02-03 10:44Z	1.1	0.00533376	60	91.85	0
2015-02-03 10:45Z	1.7	0.00541831	56	91.85	0
2015-02-03 10:46Z	2	0.00547744	71	91.85	0
2015-02-03 10:47Z	1.7	0.00565602	73	91.6813	0
2015-02-03 10:48Z	1.6	0.00530411	67	91.4938	0
2015-02-03 10:49Z	1.3	0.00558208	60	91.4	0
2015-02-03 10:50Z	1.3	0.00579981	59	91.2312	0
2015-02-03 10:51Z	1.7	0.00475708	71	91.2125	0
2015-02-03 10:52Z	1.9	0.00241666	83	91.3625	0
2015-02-03 10:53Z	1.6	0.00243092	65	91.175	0
2015-02-03 10:54Z	1.7	0.0025649	76	90.8938	0
2015-02-03 10:55Z	1.7	0.00277911	69	90.6312	0
2015-02-03 10:56Z	1.8	0.00304125	66	90.275	0
2015-02-03 10:57Z	2	0.00295636	61	89.975	0
2015-02-03 10:58Z	1.3	0.00293688	63	89.6937	0
2015-02-03 10:59Z	1.2	0.00301086	57	89.5062	0
2015-02-03 11:00Z	1.2	0.00319816	60	89.375	0
2015-02-03 11:01Z	1.1	0.00340327	60	89.3	0
2015-02-03 11:02Z	1.2	0.00355719	61	89.15	0
2015-02-03 11:03Z	1.2	0.00338625	59	89.15	0
2015-02-03 11:04Z	1.2	0.00356007	63	89.2812	0
2015-02-03 11:05Z	1.1	0.00377557	60	89.4313	0
2015-02-03 11:06Z	1.2	0.0037363	61	89.6375	0
2015-02-03 11:07Z	1.2	0.00399955	58	89.8438	0
2015-02-03 11:08Z	1.5	0.00412438	67	90.05	0
2015-02-03 11:09Z	1.4	0.00451871	62	90.2188	0
2015-02-03 11:10Z	1.2	0.00510091	54	90.275	0
2015-02-03 11:11Z	1.3	0.00516405	54	90.275	0
2015-02-03 11:12Z	1.3	0.00503154	57	90.275	0
2015-02-03 11:13Z	2	0.00586141	64	90.35	0
2015-02-03 11:14Z	1.1	0.00638602	61	90.5	0
2015-02-03 11:15Z	1.2	0.00624391	56	90.5188	0
2015-02-03 11:16Z	1.1	0.00634672	53	90.725	0
2015-02-03 11:17Z	1.2	0.00674913	54	91.025	0
2015-02-03 11:18Z	1.2	0.00712331	53	91.2688	0
2015-02-03 11:19Z	1.1	0.00703422	54	91.475	0
2015-02-03 11:20Z	1.2	0.00668869	53	91.7375	0
2015-02-03 11:21Z	1.1	0.00720697	53	92	0
2015-02-03 11:22Z	1.2	0.00732278	53	92.2063	0
2015-02-03 11:23Z	1.2	0.00743077	52	92.3	0
2015-02-03 11:24Z	1.1	0.00746849	52	92.45	0
2015-02-03 11:25Z	1.2	0.00758155	53	92.5437	0
2015-02-03 11:26Z	1.1	0.00765045	52	92.75	0
2015-02-03 11:27Z	1.2	0.00786583	53	92.8812	0
2015-02-03 11:28Z	1.1	0.00825259	52	92.9938	0
2015-02-03 11:29Z	1.2	0.00823256	51	93.1813	0
2015-02-03 11:30Z	1.1	0.00851829	54	93.2562	0
2015-02-03 11:31Z	1.2	0.00848664	53	93.425	0
2015-02-03 11:32Z	1.1	0.00878254	53	93.5375	0
2015-02-03 11:33Z	1.2	0.00895227	54	93.65	0
2015-02-03 11:34Z	1.1	0.00891192	54	93.65	0
2015-02-03 11:35Z	1.2	0.008883	54	93.7812	0
2015-02-03 11:36Z	1.2	0.00893675	53	93.875	0
2015-02-03 11:37Z	1.1	0.00929246	53	93.875	0
2015-02-03 11:38Z	1.2	0.00923964	54	93.875	0
2015-02-03 11:39Z	1.1	0.00913702	54	94.025	0
2015-02-03 11:40Z	1.2	0.0092827	53	94.1	0
2015-02-03 11:41Z	1.2	0.00958605	55	94.1	0
2015-02-03 11:42Z	1.1	0.00946218	55	94.1	0
2015-02-03 11:43Z	1.8	0.00881554	56	94.1	0
2015-02-03 11:44Z	1.1	0.00814519	52	94.025	0
2015-02-03 11:45Z	1.2	0.00832574	50	93.875	0
2015-02-03 11:46Z	1.2	0.00822127	51	93.7063	0
2015-02-03 11:47Z	1.1	0.00827548	50	93.5938	0
2015-02-03 11:48Z	1.2	0.00821038	50	93.425	0
2015-02-03 11:49Z	1.2	0.00815314	50	93.3125	0
2015-02-03 11:50Z	1.1	0.00831737	50	93.2	0
2015-02-03 11:51Z	1.2	0.00845155	51	93.05	0
2015-02-03 11:52Z	1.1	0.00847299	51	92.975	0
2015-02-03 11:53Z	1.2	0.00821585	50	92.9	0
2015-02-03 11:54Z	1.1	0.00838077	50	92.75	0
2015-02-03 11:55Z	1.2	0.00881227	51	92.75	0
2015-02-03 11:56Z	1.2	0.00860972	50	92.6188	0
2015-02-03 11:57Z	1.1	0.00910364	50	92.525	0
2015-02-03 11:58Z	1.2	0.00885168	50	92.525	0
2015-02-03 11:59Z	1.1	0.008792	51	92.525	0
2015-02-03 12:00Z	1.2	0.00846815	51	92.3938	0
2015-02-03 12:01Z	1.1	0.00900544	51	92.3	0
2015-02-03 12:02Z	1.2	0.00892924	51	92.3	0
2015-02-03 12:03Z	1.2	0.00865583	51	92.3	0
2015-02-03 12:04Z	1.1	0.00887176	51	92.3	0
2015-02-03 12:05Z	1.2	0.00910778	51	92.3	0
2015-02-03 12:06Z	1.1	0.00910748	50	92.225	0
2015-02-03 12:07Z	1.2	0.00917526	51	92.075	0
2015-02-03 12:08Z	1.1	0.00873841	51	92.075	0
2015-02-03 12:09Z	1.2	0.00925846	51	92.075	0
2015-02-03 12:10Z	1.1	0.0093334	51	92.075	0
2015-02-03 12:11Z	1.2	0.00923119	50	92.075	0
2015-02-03 12:12Z	1.2	0.00918018	51	92.075	0
2015-02-03 12:13Z	1.1	0.00908713	51	92.075	0
2015-02-03 12:14Z	1.2	0.00960902	52	92.075	0
2015-02-03 12:15Z	2.2	0.00896947	56	91.8125	0
2015-02-03 12:16Z	1.3	0.00979877	67	91.5687	0
2015-02-03 12:17Z	1.2	0.00932222	53	91.3438	0
2015-02-03 12:18Z	1.2	0.00933991	55	91.325	0
2015-02-03 12:19Z	1.5	0.00920021	62	91.5125	0
2015-02-03 12:20Z	1.1	0.00919437	50	91.625	0
2015-02-03 12:21Z	1.3	0.00943066	50	91.55	0
2015-02-03 12:22Z	1.2	0.00905969	52	91.25	0
2015-02-03 12:23Z	1.2	0.00911678	51	91.2312	0
2015-02-03 12:24Z	1.1	0.00889814	49	91.3625	0
2015-02-03 12:25Z	1.2	0.00853239	51	91.4	0
2015-02-03 12:26Z	1.1	0.00881036	52	91.4	0
2015-02-03 12:27Z	1.2	0.00841943	53	91.4	0
2015-02-03 12:28Z	1.2	0.00838032	51	91.4	0
2015-02-03 12:29Z	1.1	0.00829287	52	91.4	0
2015-02-03 12:30Z	1.2	0.00849616	52	91.625	0
2015-02-03 12:31Z	1.2	0.00823454	54	91.625	0
2015-02-03 12:32Z	1.1	0.00840655	54	91.625	0
2015-02-03 12:33Z	1.2	0.00816152	55	91.625	0
2015-02-03 12:34Z	1.1	0.00845764	56	91.625	0
2015-02-03 12:35Z	1.2	0.0083306	59	91.7188	0
2015-02-03 12:36Z	1.4	0.00839807	69	91.8688	0
2015-02-03 12:37Z	1.4	0.00873364	66	92.075	0
2015-02-03 12:38Z	1.1	0.00955493	53	92.075	0
2015-02-03 12:39Z	1.2	0.0098628	54	92.075	0
2015-02-03 12:40Z	1.1	0.00960939	52	92.075	0
2015-02-03 12:41Z	1.2	0.00962614	54	92.075	0
2015-02-03 12:42Z	1.1	0.00968631	52	92.075	0
2015-02-03 12:43Z	1.2	0.00969361	55	92.075	0
2015-02-03 12:44Z	1.2	0.00964033	58	92.075	0
2015-02-03 12:45Z	1.1	0.0100543	60	91.9625	0
2015-02-03 12:46Z	1.2	0.00991169	66	91.9625	0
2015-02-03 12:47Z	1.1	0.00987394	70	92.0375	0
2015-02-03 12:48Z	1.2	0.00998226	68	92.0375	0
2015-02-03 12:49Z	1.1	0.0104594	66	92.0188	0
2015-02-03 12:50Z	1.2	0.0102957	62	91.9812	0
2015-02-03 12:51Z	1.2	0.0102468	60	92.0563	0
2015-02-03 12:52Z	1.1	0.0103027	57	91.9812	0
2015-02-03 12:53Z	1.2	0.0107824	62	91.85	0
2015-02-03 12:54Z	1.1	0.0104965	55	91.85	0
2015-02-03 12:55Z	1.2	0.0108431	57	91.85	0
2015-02-03 12:56Z	1.1	0.0104984	56	91.85	0
2015-02-03 12:57Z	1.2	0.0105715	55	91.85	0
2015-02-03 12:58Z	1.1	0.0109862	55	91.85	0
2015-02-03 12:59Z	1.2	0.0110225	54	91.85	0
2015-02-03 13:00Z	1.3	0.0114812	58	91.85	0
2015-02-03 13:01Z	1.7	0.0116722	76	91.8125	0
2015-02-03 13:02Z	1.4	0.0107542	62	91.625	0
2015-02-03 13:03Z	1.4	0.0106085	62	91.4	0
2015-02-03 13:04Z	1.3	0.010087	67	91.3438	0
2015-02-03 13:05Z	1.3	0.0101022	65	91.175	0
2015-02-03 13:06Z	1.2	0.00981622	61	91.025	0
2015-02-03 13:07Z	1.4	0.00925176	66	90.9313	0
2015-02-03 13:08Z	1.8	0.0052306	72	90.95	0
2015-02-03 13:09Z	1.3	0.00388386	70	90.8938	0
2015-02-03 13:10Z	1.3	0.00403785	61	90.7063	0
2015-02-03 13:11Z	1.1	0.00422804	58	90.4437	0
2015-02-03 13:12Z	1.2	0.00405959	60	90.2562	0
2015-02-03 13:13Z	1.5	0.00373333	60	89.9563	0
2015-02-03 13:14Z	1.7	0.000618519	76	89.4125	0
2015-02-03 13:15Z	1.1	0.000595154	57	89.375	0
2015-02-03 13:16Z	1.2	0.000621807	62	89.1687	0
2015-02-03 13:17Z	1.1	0.000606139	63	88.9437	0
2015-02-03 13:18Z	1.2	0.0006139	63	88.7562	0
2015-02-03 13:19Z	1.2	0.000563917	55	88.5125	0
2015-02-03 13:20Z	1.5	0.000619881	58	88.325	0
2015-02-03 13:21Z	1.3	0.000689519	78	88.25	0
2015-02-03 13:22Z	1.2	0.000696035	54	88.25	0
2015-02-03 13:23Z	1.1	0.000659528	54	88.1375	0
2015-02-03 13:24Z	1.2	0.000692721	59	88.0437	0
2015-02-03 13:25Z	2	0.000598489	72	88.025	0
2015-02-03 13:26Z	2.1	0.000483144		87.95	0
2015-02-03 13:27Z	3	0.00049782		87.8187	36
2015-02-03 13:28Z	2.2	0.000481869		87.8	0
2015-02-03 13:29Z	1.8	0.0003726	75	87.8	0
2015-02-03 13:30Z	2	0.000420427	64	87.8187	0
2015-02-03 13:31Z	1.8	0.000431966	68	87.9875	0
2015-02-03 13:32Z	1.8	0.000382865	68	88.025	0
2015-02-03 13:33Z	1.8	0.000292168	65	88.0062	0
2015-02-03 13:34Z	1.8	0.000458006	72	87.8938	0
2015-02-03 13:35Z	1.8	0.000451035	74	87.8187	0
2015-02-03 13:36Z	1.6	0.000554949	73	87.8	0
2015-02-03 13:37Z	1.9	0.000456996	78	87.8	0
2015-02-03 13:38Z	2	0.000489297	75	87.8	0
2015-02-03 13:39Z	2.4	0.000332799		88.2312	0
2015-02-03 13:40Z	2.4	0.000421735		88.475	0
2015-02-03 13:41Z	1.6	0.000492326	92	88.475	0
2015-02-03 13:42Z	3.3	0.000503789	89	88.475	51
2015-02-03 13:43Z	4.5	0.000505505		88.475	69
2015-02-03 13:44Z	4.1	0.000515162		88.475	70
2015-02-03 13:45Z	2.2	0.000527489	91	88.475	0
2015-02-03 13:46Z	2.1	0.000533222	93	88.7	0
2015-02-03 13:47Z	2.2	0.000450921	95	87.9688	0
2015-02-03 13:48Z	2.6	0.000455871	86	87.5563	14
2015-02-03 13:49Z	2.4	0.000437836	83	87.2937	3
2015-02-03 13:50Z	1.9	0.000487988	83	87.0687	0
2015-02-03 13:51Z	2.2	0.000468868		86.9375	0
2015-02-03 13:52Z	2.1	0.000465224		86.8438	0
2015-02-03 13:53Z	2	0.000454506	92	86.675	0
2015-02-03 13:54Z	1.9	0.000463429	79	86.4875	0
2015-02-03 13:55Z	2.1	0.000459573	79	86.3938	0
2015-02-03 13:56Z	2	0.000464034	70	86.225	0
2015-02-03 13:57Z	2.1	0.000473752	72	86.075	0
2015-02-03 13:58Z	2.1	0.000468888	77	85.9625	0
2015-02-03 13:59Z	1.9	0.000472569	78	85.7937	0
2015-02-03 14:00Z	1.8	0.000461807	76	85.6625	0
2015-02-03 14:01Z	2.1	0.000452216		85.5312	0
2015-02-03 14:02Z	2.1	0.000466529	71	85.325	0
2015-02-03 14:03Z	1.9	0.000477435	72	85.175	0
2015-02-03 14:04Z	1.8	0.00048284	77	85.1	0
2015-02-03 14:05Z	2	0.000490511	78	84.875	0
2015-02-03 14:06Z	2	0.000479471	71	84.7812	0
2015-02-03 14:07Z	1.7	0.000487314	73	84.65	0
2015-02-03 14:08Z	2.1	0.000497389	77	84.425	0
2015-02-03 14:09Z	2.1	0.000490818	76	84.35	0
2015-02-03 14:10Z	1.9	0.000489706	71	84.2	0
2015-02-03 14:11Z	1.9	0.000494582	68	84.0125	0
2015-02-03 14:12Z	1.9	0.000512661	68	83.9375	0
2015-02-03 14:13Z	2.2	0.000509177	70	83.75	0
2015-02-03 14:14Z	2	0.000509013	71	83.75	0
2015-02-03 14:15Z	1.7	0.000524303	72	83.6	0
2015-02-03 14:16Z	2.1	0.000520263	66	83.525	0
2015-02-03 14:17Z	1.9	0.000512155		83.525	0
2015-02-03 14:18Z	2.1	0.000507564	80	83.525	0
2015-02-03 14:19Z	2.1	0.000500026		83.525	0
2015-02-03 14:20Z	1.7	0.000438815	66	83.525	0
2015-02-03 14:21Z	1.9	0.000413415	62	83.4875	0
2015-02-03 14:22Z	1.5	0.000466783	80	83.3187	0
2015-02-03 14:23Z	1.7	0.000443372	75	83.2625	0
2015-02-03 14:24Z	1.8	0.000443174	94	83.2812	0
2015-02-03 14:25Z	2.1	0.000402379		83.3	0
2015-02-03 14:26Z	1.9	0.000393776	75	83.3	0
2015-02-03 14:27Z	1.8	0.000359702	62	83.3	0
2015-02-03 14:28Z	1.8	0.000429013		83.2625	0
2015-02-03 14:29Z	1.7	0.000410332	75	83.2812	0
2015-02-03 14:30Z	1.6	0.000397173	73	83.075	0
2015-02-03 14:31Z	1.9	0.000405753	70	83.075	0
2015-02-03 14:32Z	2	0.000384598	73	83.075	0
2015-02-03 14:33Z	2	0.000444555	73	83.0563	0
2015-02-03 14:34Z	1.9	0.000429267	75	83.075	0
2015-02-03 14:35Z	2	0.00038736	68	83.1687	0
2015-02-03 14:36Z	2.1	0.000450708	68	83.1312	0
2015-02-03 14:37Z	2.2	0.000444872		83.0563	0
2015-02-03 14:38Z	2	0.000446573	76	83.0938	0
2015-02-03 14:39Z	2.1	0.000439256	57	83.075	0
2015-02-03 14:40Z	2	0.000448524	87	83.0188	0
2015-02-03 14:41Z	2	0.000440095	77	83.0375	0
2015-02-03 14:42Z	1.9	0.000521531	79	83	0
2015-02-03 14:43Z	2	0.000569034	81	83	0
2015-02-03 14:44Z	2	0.000567902	83	82.925	0
2015-02-03 14:45Z	2	0.000571585	80	82.8688	0
2015-02-03 14:46Z	2	0.00056798	82	82.85	0
2015-02-03 14:47Z	1.9	0.000565028	79	82.85	0
2015-02-03 14:48Z	1.9	0.000568147		82.85	0
2015-02-03 14:49Z	2.2	0.000497373	92	82.7562	0
2015-02-03 14:50Z	2.1	0.000561195	91	82.85	0
2015-02-03 14:51Z	2.1	0.000559482	90	82.85	0
2015-02-03 14:52Z	2	0.000563502	81	82.85	0
2015-02-03 14:53Z	2	0.000553051	84	82.85	0
2015-02-03 14:54Z	2.1	0.000556994	79	82.85	0
2015-02-03 14:55Z	2	0.000561962		82.7188	0
2015-02-03 14:56Z	2	0.000567068	83	82.6438	0
2015-02-03 14:57Z	1.9	0.000567826	77	82.7937	0
2015-02-03 14:58Z	2.1	0.000569641		82.7375	0
2015-02-03 14:59Z	2	0.00056583	89	82.7	0
2015-02-03 15:00Z	2.1	0.000577177	75	82.625	0
2015-02-03 15:01Z	2	0.000581867	84	82.625	0
2015-02-03 15:02Z	2	0.000576453	83	82.625	0
2015-02-03 15:03Z	2	0.000577783	77	82.625	0
2015-02-03 15:04Z	2	0.000575398	88	82.625	0
2015-02-03 15:05Z	2	0.000585616	66	82.5125	0
2015-02-03 15:06Z	2	0.000590561	78	82.4	0
2015-02-03 15:07Z	2	0.000572849	78	82.4	0
2015-02-03 15:08Z	1.9	0.000576056	83	82.4	0
2015-02-03 15:09Z	2.1	0.000562597	72	82.4	0
2015-02-03 15:10Z	1.8	0.000574063	75	82.4	0
2015-02-03 15:11Z	1.2	0.000557661	65	82.4	0
2015-02-03 15:12Z	1.5	0.000581101	63	82.3812	0
2015-02-03 15:13Z	1.8	0.00055259	66	82.25	0
2015-02-03 15:14Z	1.9	0.000512267	58	81.95	0
2015-02-03 15:15Z	1.8	0.000500343	54	81.8	0
2015-02-03 15:16Z	1.8	0.000514019	69	81.6312	0
2015-02-03 15:17Z	1.3	0.000521503	69	81.5188	0
2015-02-03 15:18Z	1.2	0.000514296	69	81.5	0
2015-02-03 15:19Z	1.6	0.000544652	66	81.4625	0
2015-02-03 15:20Z	1.7	0.000499378	62	81.5	0
2015-02-03 15:21Z	1.8	0.000501386	59	81.5	0
2015-02-03 15:22Z	1.7	0.000510138	67	81.5	0
2015-02-03 15:23Z	1.9	0.000502201		81.5	0
2015-02-03 15:24Z	2.3	0.000527953		81.5	0
2015-02-03 15:25Z	3.3	0.000507894		81.5563	35
2015-02-03 15:26Z	2.2	0.000511476		81.725	0
2015-02-03 15:27Z	2.1	0.000511321		81.725	0
2015-02-03 15:28Z	2.1	0.000505664		81.875	0
2015-02-03 15:29Z	2.2	0.000501952		81.95	0
2015-02-03 15:30Z	2.6	0.000474482		81.8187	0
2015-02-03 15:31Z	2	0.000462278	58	81.9313	0
2015-02-03 15:32Z	2.1	0.000479309		81.95	0
2015-02-03 15:33Z	2.2	0.000415341		81.9875	0
2015-02-03 15:34Z	1.9	0.000414421	59	81.95	0
2015-02-03 15:35Z	2	0.000451656	56	81.9125	0
2015-02-03 15:36Z	2.4	0.00043357		81.875	0
2015-02-03 15:37Z	2.4	0.000433469		81.8375	0
2015-02-03 15:38Z	2.4	0.000465789		81.8375	13
2015-02-03 15:39Z	1.7	0.000471253		81.5938	0
2015-02-03 15:40Z	1.8	0.000485823	76	81.5	0
2015-02-03 15:41Z	2	0.000445913	83	81.5	0
2015-02-03 15:42Z	2	0.000446802	76	81.4812	0
2015-02-03 15:43Z	1.9	0.000434282		81.5	0
2015-02-03 15:44Z	2	0.000414517	86	81.5	0
2015-02-03 15:45Z	2.5	0.000387251	86	81.5563	0
2015-02-03 15:46Z	2.5	0.000442834		81.725	0
2015-02-03 15:47Z	2.2	0.000462877	89	81.725	0
2015-02-03 15:48Z	2.5	0.000433793		81.7063	0
2015-02-03 15:49Z	2.3	0.000445869		81.875	0
2015-02-03 15:50Z	1.9	0.00043219	83	82.0625	0
2015-02-03 15:51Z	2.4	0.000485552		82.2312	0
2015-02-03 15:52Z	2.3	0.000463655		82.4375	0
2015-02-03 15:53Z	2.9	0.000423808		82.6813	21
2015-02-03 15:54Z	4.7	0.00036467		82.925	106
2015-02-03 15:55Z	6.8	0.000345154		83.15	126
2015-02-03 15:56Z	5.1	0.000419568		83.3	83
2015-02-03 15:57Z	2.4	0.0004047		83.3	0
2015-02-03 15:58Z	2.1	0.0004661		83.3	0
2015-02-03 15:59Z	2.1	0.0004395		83.3	0
2015-02-03 16:00Z	2.1	0.000380985	58	83.3	0
2015-02-03 16:01Z	2.1	0.000430014	56	83.3	0
2015-02-03 16:02Z	2.1	0.000421834		83.3	0
2015-02-03 16:03Z	2.1	0.000402171		83.3	0
2015-02-03 16:04Z	2	0.00034553	77	83.3	0
2015-02-03 16:05Z	2	0.000323049		83.3	0
2015-02-03 16:06Z	4.9	0.000361036		83.3	98
2015-02-03 16:07Z	5.6	0.000366944		83.1687	103
2015-02-03 16:08Z	5.3	0.000355322		83.075	104
2015-02-03 16:09Z	4.8	0.000450109		83.075	73
2015-02-03 16:10Z	2.3	0.000449135		82.85	0
2015-02-03 16:11Z	2.2	0.00036226		82.85	0
2015-02-03 16:12Z	1.7	0.00036723	68	82.6438	0
2015-02-03 16:13Z	1.9	0.000371615	69	82.4	0
2015-02-03 16:14Z	1.2	0.000268848	72	81.95	0
2015-02-03 16:15Z	1.5	0.000386393		81.2562	0
2015-02-03 16:16Z	1.6	0.000456816	71	81.275	0
2015-02-03 16:17Z	1.5	0.000445911	75	81.4437	0
2015-02-03 16:18Z	1.4	0.000372188	69	81.8375	0
2015-02-03 16:19Z	1.1	0.000386486	74	82.2875	0
2015-02-03 16:20Z	1.9	0.000344405	84	82.55	0
2015-02-03 16:21Z	1.9	0.000403943	78	82.9625	0
2015-02-03 16:22Z	1.8	0.000381123	73	83.2063	0
2015-02-03 16:23Z	1.8	0.00038373	71	83.4125	0
2015-02-03 16:24Z	1.4	0.000379276	76	83.7312	0
2015-02-03 16:25Z	1.4	0.000324137	71	84.1438	0
2015-02-03 16:26Z	1.6	0.000441191	71	84.5188	0
2015-02-03 16:27Z	2.2	0.00048996	75	84.8375	0
2015-02-03 16:28Z	1.7	0.000482483	73	85.0062	0
2015-02-03 16:29Z	2.1	0.000550099	73	85.1	0
2015-02-03 16:30Z	1.5	0.000542716	75	85.2688	0
2015-02-03 16:31Z	1.4	0.000533036	72	85.325	0
2015-02-03 16:32Z	1.8	0.000552458	75	85.3625	0
2015-02-03 16:33Z	1.6	0.000537723	73	85.55	0
2015-02-03 16:34Z	1.7	0.000550498	75	85.55	0
2015-02-03 16:35Z	1.7	0.000538192	75	85.8688	0
2015-02-03 16:36Z	1.5	0.000487265	84	86.9	0
2015-02-03 16:37Z	1.7	0.000464281	82	87.05	0
2015-02-03 16:38Z	1.8	0.000455776	79	87.0312	0
2015-02-03 16:39Z	1.6	0.000460722	76	87.3125	0
2015-02-03 16:40Z	1.7	0.0004721	71	87.4437	0
2015-02-03 16:41Z	1.3	0.000436169	80	87.575	0
2015-02-03 16:42Z	1.7	0.000397007	82	87.7063	0
2015-02-03 16:43Z	1.7	0.000307191	78	87.8	0
2015-02-03 16:44Z	1.5	0.000316698	81	87.7625	0
2015-02-03 16:45Z	1.7	0.000367427	77	87.7438	0
2015-02-03 16:46Z	1.3	0.000495358	78	87.8562	0
2015-02-03 16:47Z	1.4	0.000533643	73	88.0437	0
2015-02-03 16:48Z	2	0.000489558	79	88.4563	0
2015-02-03 16:49Z	1.8	0.000361854	75	88.9625	0
2015-02-03 16:50Z	1.9	0.00047982	75	89.3	0
2015-02-03 16:51Z	2	0.000409927	77	89.375	0
2015-02-03 16:52Z	1.8	0.000447175	79	89.375	0
2015-02-03 16:53Z	2	0.000429739	86	89.3562	0
2015-02-03 16:54Z	1.5	0.000518367	82	89.3562	0
2015-02-03 16:55Z	1.1	0.000502518	78	89.225	0
2015-02-03 16:56Z	1.7	0.000502277	76	89.15	0
2015-02-03 16:57Z	1.5	0.000494533	79	89.15	0
2015-02-03 16:58Z	1.3	0.000500421	82	89.075	0
2015-02-03 16:59Z	1.9	0.000511068	76	89.075	0
2015-02-03 17:00Z	1.4	0.000546371	82	89.375	0
2015-02-03 17:01Z	1.4	0.000554387	84	89.6937	0
2015-02-03 17:02Z	1.7	0.000556035	79	89.825	0
2015-02-03 17:03Z	2	0.000557489	77	90.05	0
2015-02-03 17:04Z	1.8	0.000549863	83	90.2562	0
2015-02-03 17:05Z	1.9	0.000550401	78	90.275	0
2015-02-03 17:06Z	2	0.00053948	76	90.275	0
2015-02-03 17:07Z	1.7	0.00054432	72	90.275	0
2015-02-03 17:08Z	1.4	0.000545328	71	90.275	0
2015-02-03 17:09Z	1.5	0.000548907	76	90.425	0
2015-02-03 17:10Z	1.5	0.000547923	74	90.6125	0
2015-02-03 17:11Z	1.5	0.000549854	70	90.8187	0
2015-02-03 17:12Z	1.8	0.000563798	72	90.9875	0
2015-02-03 17:13Z	1.6	0.000569926	68	91.0062	0
2015-02-03 17:14Z	1.8	0.000566173	68	90.95	0
2015-02-03 17:15Z	1.8	0.000568047	69	90.7625	0
2015-02-03 17:16Z	1.6	0.000578928	76	90.725	0
2015-02-03 17:17Z	2.1	0.000587365	75	90.575	0
2015-02-03 17:18Z	2.1	0.000583754	74	90.4812	0
2015-02-03 17:19Z	2.3	0.000574196	75	90.275	0
2015-02-03 17:20Z	2.2	0.000579115	66	90.2562	0
2015-02-03 17:21Z	2.4	0.000580991	70	90.05	0
2015-02-03 17:22Z	4.8	0.000596891		89.9938	93
2015-02-03 17:23Z	5.9	0.000584547	92	89.825	114
2015-02-03 17:24Z	6.1	0.000587558	91	89.7688	122
2015-02-03 17:25Z	4	0.000590295		89.6	57
2015-02-03 17:26Z	2.1	0.000577577		89.6	0
2015-02-03 17:27Z	1.8	0.000577575	81	89.6	0
2015-02-03 17:28Z	1.7	0.000583251	71	89.6	0
2015-02-03 17:29Z	2.1	0.000583007	79	89.6	0
2015-02-03 17:30Z	1.8	0.000603012	74	89.6	0
2015-02-03 17:31Z	1.8	0.000586349	58	89.6	0
2015-02-03 17:32Z	2	0.00059135	68	89.6	0
2015-02-03 17:33Z	2	0.000594578		89.7125	0
2015-02-03 17:34Z	2	0.000588636	79	89.825	0
2015-02-03 17:35Z	1.7	0.000590477	73	89.825	0
2015-02-03 17:36Z	1.9	0.000596305	81	89.8063	0
2015-02-03 17:37Z	1.9	0.000594097	53	89.825	0
2015-02-03 17:38Z	1.9	0.000593468	73	89.75	0
2015-02-03 17:39Z	1.8	0.000603178	76	89.4875	0
2015-02-03 17:40Z	1.2	0.000590823	70	89.1875	0
2015-02-03 17:41Z	2	0.000589931	76	89.15	0
2015-02-03 17:42Z	3.2	0.000601575	79	89.3	36
2015-02-03 17:43Z	5.7	0.00060776		89.5625	112
2015-02-03 17:44Z	5.3	0.000601067		89.6188	105
2015-02-03 17:45Z	3.1	0.000599869		89.6375	38
2015-02-03 17:46Z	4.3	0.000616363		89.6	67
2015-02-03 17:47Z	3.3	0.000659024		89.4313	24
2015-02-03 17:48Z	2.4	0.000652911	79	89.375	0
2015-02-03 17:49Z	2.3	0.000658419	79	89.1875	0
2015-02-03 17:50Z	2.4	0.000633494		89.075	0
2015-02-03 17:51Z	2.3	0.000586275	61	88.925	0
2015-02-03 17:52Z	2.1	0.000579392	79	88.925	0
2015-02-03 17:53Z	2.6	0.000579061	87	88.7188	12
2015-02-03 17:54Z	4	0.000589536		88.475	62
2015-02-03 17:55Z	4.4	0.000602841		88.325	66
2015-02-03 17:56Z	6.4	0.000618734		88.0437	123
2015-02-03 17:57Z	6.2	0.000781938	114	87.8	125
2015-02-03 17:58Z	8.7	0.000939639	105	87.6125	137
2015-02-03 17:59Z	13	0.0271384		87.4062	165
2015-02-03 18:00Z	12.7	2.53982		87.0687	166
2015-02-03 18:01Z	12.5	13.2382	111	86.6375	166
2015-02-03 18:02Z	5.9	16.9629	104	86.45	76
2015-02-03 18:03Z	12.6	17.7068		86.1312	161
2015-02-03 18:04Z	13.8	18.3379	100	85.6625	165
2015-02-03 18:05Z	7.6	18.1134	106	85.25	89
2015-02-03 18:06Z	6.3	18.4918	144	84.8	132
2015-02-03 18:07Z	6.5	18.7092	140	84.2562	127
2015-02-03 18:08Z	5.5	17.9981	131	84.3875	111
2015-02-03 18:09Z	6.1	16.7124	120	84.725	9
2015-02-03 18:10Z	9.9	20.0943	122	85.0813	0
2015-02-03 18:11Z	10	21.2799		84.9875	0
2015-02-03 18:12Z	9.9	23.1139		84.9313	0
2015-02-03 18:13Z	8.6	21.2575		84.5563	21
2015-02-03 18:14Z	3.8	20.4597		84.425	0
2015-02-03 18:15Z	2.1	19.0143		84.5	0
2015-02-03 18:16Z	1.6	20.3992	75	84.6312	0
2015-02-03 18:17Z	2.3	21.4171	111	84.6312	0
2015-02-03 18:18Z	2.5	21.0663		84.6125	0
2015-02-03 18:19Z	2.4	21.9887	100	84.65	0
2015-02-03 18:20Z	3.2	21.3532	116	84.65	0
2015-02-03 18:21Z	3.8	22.4316	71	84.875	0
2015-02-03 18:22Z	4	22.2777	41	84.9125	0
2015-02-03 18:23Z	4.3	22.6628		84.875	46
2015-02-03 18:24Z	2.3	22.604	120	84.875	3
2015-02-03 18:25Z	9	22.0499	113	84.875	63
2015-02-03 18:26Z	7.5	22.2487		84.875	7
2015-02-03 18:27Z	8	22.1051	127	84.8545	0
2015-02-03 18:28Z	9.7		127		0
2015-02-03 18:29Z	1.3				0
2015-02-03 18:30Z	1.3				0
2015-02-03 18:31Z	1.3				0
2015-02-03 18:32Z	1.3				0
2015-02-03 18:33Z	1.3				0
2015-02-03 18:34Z	1.3				0
2015-02-03 18:35Z	1.3				0
2015-02-03 18:36Z	1.3				0
2015-02-03 18:37Z	1.3				0
2015-02-03 18:38Z	1.3				0
2015-02-03 18:39Z	1.3				0
2015-02-03 18:40Z	1.3				0
2015-02-03 18:41Z	1.3				0
2015-02-03 18:42Z	1.3				0
2015-02-03 18:43Z	1.3				0
2015-02-03 18:44Z	1.3				0
2015-02-03 18:45Z	1.3				0
2015-02-03 18:46Z	1.3				0
2015-02-03 18:47Z	1.3				0
2015-02-03 18:48Z	1.3				0
2015-02-03 18:49Z	1.3				0
2015-02-03 18:50Z	1.3				0
2015-02-03 18:51Z	1.3				0
2015-02-03 18:52Z	1.3				0
2015-02-03 18:53Z	1.3				0
2015-02-03 18:54Z	1.3				0
2015-02-03 18:55Z	1.3				0
2015-02-03 18:56Z	1.3				0
2015-02-03 18:57Z	1.3				0
2015-02-03 18:58Z	1.3				0
2015-02-03 18:59Z	1.3				0
2015-02-03 19:00Z	1.3				0
2015-02-03 19:01Z	1.3				0
2015-02-03 19:02Z	1.3				0
2015-02-03 19:03Z	1.3				0
2015-02-03 19:04Z	1.3				0
2015-02-03 19:05Z	1.3				0
2015-02-03 19:06Z	1.3				0
2015-02-03 19:07Z	1.3				0
2015-02-03 19:08Z	1.3				0
2015-02-03 19:09Z	1.3	0.000485257		75.875	0
2015-02-03 19:10Z	2.3	0.00146376		80.3562	0
2015-02-03 19:11Z	2.9	0.00279203		82.3812	11
2015-02-03 19:12Z	2.4	0.0183128		83.7125	0
2015-02-03 19:13Z	4.2	0.0835774		84.8562	69
2015-02-03 19:14Z	4.7	0.613556		85.5875	91
2015-02-03 19:15Z	5.8	2.69887		85.775	114
2015-02-03 19:16Z	5.9	2.3262		85.9437	121
2015-02-03 19:17Z	5.7	1.73247		86.1687	117
2015-02-03 19:18Z	5.9	1.40774		86.075	121
2015-02-03 19:19Z	5.9	1.20132		85.775	118
2015-02-03 19:20Z	5.9	1.46204		85.3812	115
2015-02-03 19:21Z	5.7	2.80291		84.95	116
2015-02-03 19:22Z	6	5.59985		84.2188	118
2015-02-03 19:23Z	5.9	7.63488		83.1687	120
2015-02-03 19:24Z	5.9	7.85799		82.5125	119
2015-02-03 19:25Z	5.8	8.99725	62	81.95	113
2015-02-03 19:26Z	5.9	9.17829	63	81.3313	126
2015-02-03 19:27Z	2.3	8.59126		81.05	6
2015-02-03 19:28Z	2.1	9.51488		80.7125	0
2015-02-03 19:29Z	2.2	10.7356		80.1875	0
2015-02-03 19:30Z	2.2	10.4864	102	80.15	0
2015-02-03 19:31Z	1.9	11.3677	57	80.3	0
2015-02-03 19:32Z	2	10.9116	56	80.6188	0
2015-02-03 19:33Z	1.7	9.9247		80.8812	0
2015-02-03 19:34Z	1.9	9.45199	66	81.1438	0
2015-02-03 19:35Z	1.7	9.02737	69	81.425	0
2015-02-03 19:36Z	2	9.06129		81.65	0
2015-02-03 19:37Z	1.8	8.34009	45	81.9688	0
2015-02-03 19:38Z	1.8	7.76794	52	82.2875	0
2015-02-03 19:39Z	1.8	7.39422	48	82.4938	0
2015-02-03 19:40Z	1.8	7.06988	45	82.625	0
2015-02-03 19:41Z	1.7	6.83327	65	82.85	0
2015-02-03 19:42Z	1.7	6.62337	94	83	0
2015-02-03 19:43Z	1.8	6.23743		83.2063	0
2015-02-03 19:44Z	2.1	5.69117		83.3	0
2015-02-03 19:45Z	3.1	5.37767		83.4688	28
2015-02-03 19:46Z	3.5	5.8826		83.5625	62
2015-02-03 19:47Z	5.4	4.9058		83.75	111
2015-02-03 19:48Z	3.5	3.72733		83.75	47
2015-02-03 19:49Z	8.8	4.02624	111	83.5813	155
2015-02-03 19:50Z	4.2	4.95236		83.3562	61
2015-02-03 19:51Z	2.1	5.58624		82.9812	0
2015-02-03 19:52Z	2.1	5.61669		82.6625	0
2015-02-03 19:53Z	2	5.93852		82.3625	0
2015-02-03 19:54Z	2	6.04488	105	82.175	0
2015-02-03 19:55Z	2	5.8862	106	82.025	0
2015-02-03 19:56Z	2	5.76184	99	81.7438	0
2015-02-03 19:57Z	2	5.5219		81.8562	0
2015-02-03 19:58Z	2	5.25598		82.0062	0
2015-02-03 19:59Z	2	4.76609	100	82.175	0
2015-02-03 20:00Z	4	4.52287	99	82.175	59
2015-02-03 20:01Z	5.8	4.17366		82.025	112
2015-02-03 20:02Z	4.7	4.03005	128	81.8562	74
2015-02-03 20:03Z	4.3	4.20527	126	81.725	54
2015-02-03 20:04Z	2.5	4.16511		81.725	0
2015-02-03 20:05Z	2.1	4.04732		81.8477	0
